FPR,TPR,AUC
0.0,0.0,0.8016528925619835
0.0,0.09090909090909091,0.8016528925619835
0.0,0.5454545454545454,0.8016528925619835
0.36363636363636365,0.5454545454545454,0.8016528925619835
0.36363636363636365,0.8181818181818182,0.8016528925619835
0.45454545454545453,0.8181818181818182,0.8016528925619835
0.45454545454545453,0.9090909090909091,0.8016528925619835
0.6363636363636364,0.9090909090909091,0.8016528925619835
0.6363636363636364,1.0,0.8016528925619835
1.0,1.0,0.8016528925619835
